Method,Name,Error,Occurrences,First Seen,Last Seen
GET,RUSH exam open,RemoteDisconnected('Remote end closed connection without response'),63,2026-07-24T04:17:46Z,2026-07-24T04:24:36Z
GET,RUSH exams list,RemoteDisconnected('Remote end closed connection without response'),62,2026-07-24T04:17:44Z,2026-07-24T04:24:35Z
GET,RUSH exam open,"ConnectTimeoutError(<HTTPSConnection(host='zphnjirmcrolqjrhjjqt.supabase.co', port=443) at 0x2c45a52ccd0>, 'Connection to zphnjirmcrolqjrhjjqt.supabase.co timed out. (connect timeout=None)')",1,2026-07-24T04:18:03Z,2026-07-24T04:18:03Z
GET,RUSH exam open,"ConnectionResetError(10054, 'An existing connection was forcibly closed by the remote host', None, 10054, None)",378,2026-07-24T04:17:45Z,2026-07-24T04:24:51Z
GET,RUSH exams list,"ConnectionResetError(10054, 'An existing connection was forcibly closed by the remote host', None, 10054, None)",514,2026-07-24T04:17:45Z,2026-07-24T04:24:53Z
GET,RUSH exams list,"ConnectTimeoutError(<HTTPSConnection(host='zphnjirmcrolqjrhjjqt.supabase.co', port=443) at 0x2c45a8a4410>, 'Connection to zphnjirmcrolqjrhjjqt.supabase.co timed out. (connect timeout=None)')",1,2026-07-24T04:18:03Z,2026-07-24T04:18:03Z
GET,RUSH own profile,"ConnectionResetError(10054, 'An existing connection was forcibly closed by the remote host', None, 10054, None)",257,2026-07-24T04:17:47Z,2026-07-24T04:24:38Z
GET,RUSH exams list,"ConnectTimeoutError(<HTTPSConnection(host='zphnjirmcrolqjrhjjqt.supabase.co', port=443) at 0x2c459c66ad0>, 'Connection to zphnjirmcrolqjrhjjqt.supabase.co timed out. (connect timeout=None)')",1,2026-07-24T04:18:03Z,2026-07-24T04:18:03Z
GET,RUSH own profile,"ConnectTimeoutError(<HTTPSConnection(host='zphnjirmcrolqjrhjjqt.supabase.co', port=443) at 0x2c45a52f9d0>, 'Connection to zphnjirmcrolqjrhjjqt.supabase.co timed out. (connect timeout=None)')",1,2026-07-24T04:18:03Z,2026-07-24T04:18:03Z
GET,RUSH videos,"SSLError(SSLEOFError(8, '[SSL: UNEXPECTED_EOF_WHILE_READING] EOF occurred in violation of protocol (_ssl.c:1028)'))",17,2026-07-24T04:18:15Z,2026-07-24T04:24:31Z
GET,RUSH videos,"ConnectionResetError(10054, 'An existing connection was forcibly closed by the remote host', None, 10054, None)",247,2026-07-24T04:17:49Z,2026-07-24T04:24:55Z
GET,RUSH exam open,"ConnectTimeoutError(<HTTPSConnection(host='zphnjirmcrolqjrhjjqt.supabase.co', port=443) at 0x2c45a0f39d0>, 'Connection to zphnjirmcrolqjrhjjqt.supabase.co timed out. (connect timeout=None)')",1,2026-07-24T04:18:03Z,2026-07-24T04:18:03Z
GET,RUSH videos,RemoteDisconnected('Remote end closed connection without response'),33,2026-07-24T04:18:01Z,2026-07-24T04:24:33Z
GET,RUSH exams list,"ConnectTimeoutError(<HTTPSConnection(host='zphnjirmcrolqjrhjjqt.supabase.co', port=443) at 0x2c45bc6cf50>, 'Connection to zphnjirmcrolqjrhjjqt.supabase.co timed out. (connect timeout=None)')",1,2026-07-24T04:18:05Z,2026-07-24T04:18:05Z
GET,RUSH exam open,"ConnectTimeoutError(<HTTPSConnection(host='zphnjirmcrolqjrhjjqt.supabase.co', port=443) at 0x2c45a0f2850>, 'Connection to zphnjirmcrolqjrhjjqt.supabase.co timed out. (connect timeout=None)')",1,2026-07-24T04:18:03Z,2026-07-24T04:18:03Z
GET,RUSH own profile,RemoteDisconnected('Remote end closed connection without response'),37,2026-07-24T04:17:43Z,2026-07-24T04:24:33Z
GET,RUSH exam open,"ConnectTimeoutError(<HTTPSConnection(host='zphnjirmcrolqjrhjjqt.supabase.co', port=443) at 0x2c45c7bad50>, 'Connection to zphnjirmcrolqjrhjjqt.supabase.co timed out. (connect timeout=None)')",1,2026-07-24T04:18:06Z,2026-07-24T04:18:06Z
GET,RUSH exams list,"ConnectTimeoutError(<HTTPSConnection(host='zphnjirmcrolqjrhjjqt.supabase.co', port=443) at 0x2c45a4ab890>, 'Connection to zphnjirmcrolqjrhjjqt.supabase.co timed out. (connect timeout=None)')",1,2026-07-24T04:18:03Z,2026-07-24T04:18:03Z
GET,RUSH own profile,"ConnectTimeoutError(<HTTPSConnection(host='zphnjirmcrolqjrhjjqt.supabase.co', port=443) at 0x2c45b7dc910>, 'Connection to zphnjirmcrolqjrhjjqt.supabase.co timed out. (connect timeout=None)')",1,2026-07-24T04:18:04Z,2026-07-24T04:18:04Z
GET,RUSH exams list,"ConnectionAbortedError(10053, 'An established connection was aborted by the software in your host machine', None, 10053, None)",1,2026-07-24T04:22:18Z,2026-07-24T04:22:18Z
GET,RUSH own profile,"SSLError(SSLEOFError(8, '[SSL: UNEXPECTED_EOF_WHILE_READING] EOF occurred in violation of protocol (_ssl.c:1028)'))",12,2026-07-24T04:22:02Z,2026-07-24T04:24:28Z
GET,RUSH exam open,"SSLError(SSLEOFError(8, '[SSL: UNEXPECTED_EOF_WHILE_READING] EOF occurred in violation of protocol (_ssl.c:1028)'))",24,2026-07-24T04:18:15Z,2026-07-24T04:24:30Z
GET,RUSH exams list,"ConnectTimeoutError(<HTTPSConnection(host='zphnjirmcrolqjrhjjqt.supabase.co', port=443) at 0x2c45a4aac10>, 'Connection to zphnjirmcrolqjrhjjqt.supabase.co timed out. (connect timeout=None)')",1,2026-07-24T04:18:03Z,2026-07-24T04:18:03Z
GET,RUSH exams list,"ConnectTimeoutError(<HTTPSConnection(host='zphnjirmcrolqjrhjjqt.supabase.co', port=443) at 0x2c45b3bee90>, 'Connection to zphnjirmcrolqjrhjjqt.supabase.co timed out. (connect timeout=None)')",1,2026-07-24T04:18:04Z,2026-07-24T04:18:04Z
GET,RUSH exams list,"ConnectTimeoutError(<HTTPSConnection(host='zphnjirmcrolqjrhjjqt.supabase.co', port=443) at 0x2c45a0f0050>, 'Connection to zphnjirmcrolqjrhjjqt.supabase.co timed out. (connect timeout=None)')",1,2026-07-24T04:18:03Z,2026-07-24T04:18:03Z
GET,RUSH exams list,"SSLError(SSLEOFError(8, '[SSL: UNEXPECTED_EOF_WHILE_READING] EOF occurred in violation of protocol (_ssl.c:1028)'))",24,2026-07-24T04:18:19Z,2026-07-24T04:24:37Z
