Timestamp,User Count,Type,Name,Requests/s,Failures/s,50%,66%,75%,80%,90%,95%,98%,99%,99.9%,99.99%,100%,Total Request Count,Total Failure Count,Total Median Response Time,Total Average Response Time,Total Min Response Time,Total Max Response Time,Total Average Content Size
1784863362,0,,Aggregated,0.000000,0.000000,N/A,N/A,N/A,N/A,N/A,N/A,N/A,N/A,N/A,N/A,N/A,0,0,0,0.0,0,0,0
1784863363,0,,Aggregated,0.000000,0.000000,N/A,N/A,N/A,N/A,N/A,N/A,N/A,N/A,N/A,N/A,N/A,0,0,0,0.0,0,0,0
1784863364,0,,Aggregated,0.000000,0.000000,N/A,N/A,N/A,N/A,N/A,N/A,N/A,N/A,N/A,N/A,N/A,0,0,0,0.0,0,0,0
1784863365,5,,Aggregated,0.000000,0.000000,740,740,740,740,740,740,740,740,740,740,740,3,0,740,737.5134999747388,735.5581999872811,740.275299991481,1342.0
1784863366,10,,Aggregated,0.000000,0.000000,740,740,740,740,740,740,740,740,740,740,740,4,0,740,617.8162999858614,258.7247000192292,740.275299991481,1031.75
1784863367,10,,Aggregated,0.000000,0.000000,740,740,740,740,740,740,740,740,740,740,740,4,0,740,617.8162999858614,258.7247000192292,740.275299991481,1031.75
1784863368,10,,Aggregated,1.000000,0.000000,740,740,740,740,740,740,740,740,740,740,740,6,0,260,492.3821999885452,227.37819998292252,740.275299991481,826.8333333333334
1784863369,10,,Aggregated,1.000000,0.000000,260,740,740,740,740,740,740,740,740,740,740,7,0,260,438.7453714152798,116.92439997568727,740.275299991481,814.4285714285714
1784863370,10,,Aggregated,0.800000,0.000000,260,260,740,740,740,740,740,740,740,740,740,9,0,260,394.70951109736535,116.92439997568727,740.275299991481,1376.4444444444443
1784863371,10,,Aggregated,0.833333,0.000000,260,260,740,740,740,740,740,740,740,740,740,10,0,260,367.429499985883,116.92439997568727,740.275299991481,1280.5
1784863372,10,,Aggregated,0.833333,0.000000,260,260,740,740,740,740,740,740,740,740,740,10,0,260,367.429499985883,116.92439997568727,740.275299991481,1280.5
1784863373,10,,Aggregated,1.111111,0.000000,260,390,740,740,740,740,740,740,740,740,740,11,0,260,369.42775453313845,116.92439997568727,740.275299991481,1171.090909090909
1784863374,10,,Aggregated,1.111111,0.000000,260,390,740,740,740,740,740,740,740,740,740,11,0,260,369.42775453313845,116.92439997568727,740.275299991481,1171.090909090909
1784863375,10,,Aggregated,1.000000,0.000000,260,270,390,740,740,740,740,740,740,740,740,13,0,260,351.80872306675434,116.92439997568727,740.275299991481,3442.3076923076924
1784863376,10,,Aggregated,1.000000,0.000000,260,270,390,740,740,740,740,740,740,740,740,13,0,260,351.80872306675434,116.92439997568727,740.275299991481,3442.3076923076924
1784863377,10,,Aggregated,1.100000,0.000000,260,270,390,740,740,740,740,740,740,740,740,14,0,260,333.34951427449204,93.37979997508228,740.275299991481,4334.571428571428
1784863378,10,,Aggregated,0.900000,0.000000,230,260,270,390,740,740,740,740,740,740,740,19,0,230,279.57063156645745,93.37979997508228,740.275299991481,5035.526315789473
1784863379,10,,Aggregated,0.900000,0.000000,230,260,260,270,740,740,740,740,740,740,740,21,0,230,262.84282379839124,93.37979997508228,740.275299991481,4654.047619047619
1784863380,10,,Aggregated,0.900000,0.000000,230,260,260,270,740,740,740,740,740,740,740,21,0,230,262.84282379839124,93.37979997508228,740.275299991481,4654.047619047619
1784863381,10,,Aggregated,1.300000,0.000000,230,240,260,270,740,740,740,740,740,740,740,24,0,120,244.56424582361555,93.37979997508228,740.275299991481,4625.333333333333
1784863382,10,,Aggregated,1.300000,0.000000,230,240,260,270,740,740,740,740,740,740,740,24,0,120,244.56424582361555,93.37979997508228,740.275299991481,4625.333333333333
1784863383,10,,Aggregated,1.300000,0.000000,230,240,260,270,740,740,740,740,740,740,740,24,0,120,244.56424582361555,93.37979997508228,740.275299991481,4625.333333333333
1784863384,10,,Aggregated,1.400000,0.000000,120,240,260,260,740,740,740,740,740,740,740,26,0,120,233.66274998988956,93.37979997508228,740.275299991481,4301.615384615385
1784863385,10,,Aggregated,1.400000,0.000000,120,240,260,270,740,740,740,740,740,740,740,28,0,120,233.00921427601548,93.37979997508228,740.275299991481,4288.25
1784863386,10,,Aggregated,1.400000,0.000000,120,230,260,270,740,740,740,740,740,740,740,30,0,120,224.88123665680178,92.48769999248907,740.275299991481,4060.5
1784863387,10,,Aggregated,1.500000,0.000000,120,230,260,260,390,740,740,740,740,740,740,31,0,120,220.59520644383625,92.01430005487055,740.275299991481,4443.5161290322585
1784863388,10,,Aggregated,1.500000,0.000000,130,230,260,270,390,740,740,740,740,740,740,34,0,120,223.0727205837063,92.01430005487055,740.275299991481,4571.382352941177
1784863389,10,,Aggregated,1.500000,0.000000,130,230,260,270,390,740,740,740,740,740,740,34,0,120,223.0727205837063,92.01430005487055,740.275299991481,4571.382352941177
1784863390,10,,Aggregated,1.500000,0.000000,130,230,260,270,390,740,740,740,740,740,740,34,0,120,223.0727205837063,92.01430005487055,740.275299991481,4571.382352941177
1784863391,10,,Aggregated,1.600000,0.000000,120,230,260,270,390,740,740,740,740,740,740,35,0,120,219.45142285299622,92.01430005487055,740.275299991481,4452.685714285714
1784863392,10,,Aggregated,1.300000,0.000000,120,230,260,260,390,740,740,740,740,740,740,36,0,120,215.82729166321872,88.98270002100617,740.275299991481,4349.555555555556
1784863393,10,,Aggregated,1.300000,0.000000,120,230,260,260,390,740,740,740,740,740,740,36,0,120,215.82729166321872,88.98270002100617,740.275299991481,4349.555555555556
1784863394,10,,Aggregated,1.100000,0.000000,120,230,260,260,390,740,740,740,740,740,740,38,0,120,210.25115262876315,88.98270002100617,740.275299991481,4713.263157894737
1784863395,10,,Aggregated,1.200000,0.000000,120,230,260,260,390,740,740,740,740,740,740,39,0,120,207.3127538434421,88.98270002100617,740.275299991481,5000.974358974359
1784863396,10,,Aggregated,1.200000,0.000000,120,230,240,260,340,740,740,740,740,740,740,42,0,120,200.08492856868543,88.98270002100617,740.275299991481,4739.619047619048
1784863397,10,,Aggregated,1.200000,0.000000,120,230,240,260,340,740,740,740,740,740,740,42,0,120,200.08492856868543,88.98270002100617,740.275299991481,4739.619047619048
1784863398,10,,Aggregated,1.100000,0.000000,120,230,240,260,340,740,740,740,740,740,740,43,0,120,198.06719301972365,88.98270002100617,740.275299991481,4667.604651162791
1784863399,10,,Aggregated,1.100000,0.000000,120,230,240,260,340,740,740,740,740,740,740,44,0,120,196.20718408788724,88.98270002100617,740.275299991481,4563.818181818182
1784863400,10,,Aggregated,1.100000,0.000000,120,210,230,260,340,740,740,740,740,740,740,45,0,120,194.07016888597153,88.98270002100617,740.275299991481,4816.488888888889
1784863401,10,,Aggregated,0.900000,0.000000,120,210,230,260,340,740,740,740,740,740,740,47,0,120,190.6059148914597,88.98270002100617,740.275299991481,5090.68085106383
1784863402,10,,Aggregated,1.100000,0.000000,120,130,230,260,340,740,740,740,740,740,740,49,0,120,186.70132244599756,88.98270002100617,740.275299991481,4924.938775510204
1784863403,10,,Aggregated,1.100000,0.000000,120,130,230,260,340,740,740,740,740,740,740,49,0,120,186.70132244599756,88.98270002100617,740.275299991481,4924.938775510204
1784863404,10,,Aggregated,1.200000,0.000000,110,130,230,240,310,740,740,740,740,740,740,51,0,110,182.96267646798572,88.70580000802875,740.275299991481,5356.666666666667
1784863405,10,,Aggregated,1.300000,0.000000,110,130,230,240,310,740,740,740,740,740,740,53,0,110,180.61117358167462,88.70580000802875,740.275299991481,5185.528301886792
1784863406,10,,Aggregated,1.300000,0.000000,110,130,230,240,310,740,740,740,740,740,740,53,0,110,180.61117358167462,88.70580000802875,740.275299991481,5185.528301886792
1784863407,10,,Aggregated,1.300000,0.000000,110,130,230,240,310,740,740,740,740,740,740,54,0,110,179.24063147856268,88.70580000802875,740.275299991481,5211.462962962963
1784863408,10,,Aggregated,1.200000,0.000000,110,120,230,230,310,740,740,740,740,740,740,56,0,110,176.90057142629354,88.70580000802875,740.275299991481,5067.892857142857
1784863409,10,,Aggregated,1.200000,0.000000,110,120,230,230,310,740,740,740,740,740,740,58,0,110,174.61213275613585,88.70580000802875,740.275299991481,4922.793103448276
1784863410,10,,Aggregated,1.200000,0.000000,110,120,230,230,310,740,740,740,740,740,740,58,0,110,174.61213275613585,88.70580000802875,740.275299991481,4922.793103448276
1784863411,10,,Aggregated,1.500000,0.000000,110,120,230,230,310,740,740,740,740,740,740,60,0,110,171.7984783317661,83.7224000133574,740.275299991481,5051.65
1784863412,10,,Aggregated,1.300000,0.000000,110,120,210,230,270,390,740,740,740,740,740,61,0,110,170.55892622762465,83.7224000133574,740.275299991481,4980.9672131147545
1784863413,10,,Aggregated,1.200000,0.000000,110,120,210,230,270,390,740,740,740,740,740,62,0,110,169.75359677246982,83.7224000133574,740.275299991481,5006.854838709677
1784863414,10,,Aggregated,1.200000,0.000000,110,120,210,230,270,390,740,740,740,740,740,62,0,110,169.75359677246982,83.7224000133574,740.275299991481,5006.854838709677
1784863415,10,,Aggregated,1.200000,0.000000,110,120,130,230,270,390,740,740,740,740,740,65,0,110,166.82254769122943,83.7224000133574,740.275299991481,4828.276923076923
1784863416,10,,Aggregated,1.200000,0.000000,110,120,130,230,270,390,740,740,740,740,740,66,0,110,165.74893636226824,83.7224000133574,740.275299991481,4996.545454545455
1784863417,10,,Aggregated,1.200000,0.000000,110,120,130,230,270,390,740,740,740,740,740,66,0,110,165.74893636226824,83.7224000133574,740.275299991481,4996.545454545455
1784863418,10,,Aggregated,1.300000,0.000000,110,120,130,230,270,390,740,740,740,740,740,69,0,110,162.94588985350117,83.7224000133574,740.275299991481,5264.971014492754
1784863419,10,,Aggregated,1.300000,0.000000,110,120,130,230,270,390,740,740,740,740,740,70,0,110,161.97300285566598,83.7224000133574,740.275299991481,5200.328571428571
1784863420,10,,Aggregated,1.300000,0.000000,110,120,130,230,270,390,740,740,740,740,740,70,0,110,161.97300285566598,83.7224000133574,740.275299991481,5200.328571428571
1784863421,10,,Aggregated,1.200000,0.000000,110,120,130,210,260,390,740,740,740,740,740,76,0,110,157.70586973629082,83.7224000133574,740.275299991481,4838.5
1784863422,10,,Aggregated,1.200000,0.000000,110,120,130,210,260,390,740,740,740,740,740,76,0,110,157.70586973629082,83.7224000133574,740.275299991481,4838.5
1784863423,10,,Aggregated,1.400000,0.000000,110,120,130,210,260,390,740,740,740,740,740,77,0,110,156.90121948023557,83.7224000133574,740.275299991481,4797.0
1784863424,10,,Aggregated,1.600000,0.000000,110,120,130,210,260,390,740,740,740,740,740,80,0,110,154.61979624960804,83.7224000133574,740.275299991481,5024.7125
1784863425,10,,Aggregated,1.500000,0.000000,110,120,130,130,260,340,740,740,740,740,740,81,0,110,153.8726753083828,83.7224000133574,740.275299991481,5159.395061728395
1784863426,10,,Aggregated,1.500000,0.000000,110,120,130,130,260,340,740,740,740,740,740,82,0,110,153.2442682925271,83.7224000133574,740.275299991481,5116.512195121952
1784863427,10,,Aggregated,1.700000,0.000000,110,120,120,130,260,340,740,740,740,740,740,87,0,110,150.13803448327334,83.7224000133574,740.275299991481,5024.494252873563
1784863428,10,,Aggregated,1.700000,0.000000,110,120,120,130,260,340,740,740,740,740,740,88,0,100,149.48745681877799,83.7224000133574,740.275299991481,5148.465909090909
1784863429,10,,Aggregated,1.600000,0.000000,100,120,120,130,260,340,740,740,740,740,740,89,0,100,148.84143483202402,83.7224000133574,740.275299991481,5109.078651685393
1784863430,10,,Aggregated,1.600000,0.000000,100,120,120,130,260,340,740,740,740,740,740,89,0,100,148.84143483202402,83.7224000133574,740.275299991481,5109.078651685393
1784863431,10,,Aggregated,1.900000,0.000000,100,120,120,130,260,340,740,740,740,740,740,91,0,100,147.6546000007407,83.7224000133574,740.275299991481,5189.945054945055
1784863432,10,,Aggregated,1.900000,0.000000,100,120,120,130,260,340,740,740,740,740,740,92,0,100,147.04450217465384,83.7224000133574,740.275299991481,5306.728260869565
1784863433,10,,Aggregated,1.700000,0.000000,100,120,120,130,260,340,740,740,740,740,740,95,0,100,145.86550000025645,83.7224000133574,740.275299991481,5282.1894736842105
1784863434,10,,Aggregated,1.700000,0.000000,100,120,120,130,260,340,740,740,740,740,740,95,0,100,145.86550000025645,83.7224000133574,740.275299991481,5282.1894736842105
1784863435,10,,Aggregated,1.600000,0.000000,100,120,120,130,260,340,740,740,740,740,740,96,0,100,145.33329791690144,83.7224000133574,740.275299991481,5244.28125
1784863436,10,,Aggregated,1.600000,0.000000,100,120,120,130,260,340,740,740,740,740,740,96,0,100,145.33329791690144,83.7224000133574,740.275299991481,5244.28125
1784863437,10,,Aggregated,1.600000,0.000000,100,120,120,130,260,340,740,740,740,740,740,97,0,100,145.21104948458347,83.7224000133574,740.275299991481,5190.216494845361
1784863438,10,,Aggregated,1.400000,0.000000,100,120,120,130,260,340,740,740,740,740,740,100,0,100,143.7140610005008,83.7224000133574,740.275299991481,5226.71
1784863439,10,,Aggregated,1.400000,0.000000,100,120,120,130,240,310,740,740,740,740,740,101,0,100,143.41276138675133,83.7224000133574,740.275299991481,5240.168316831683
1784863440,10,,Aggregated,1.400000,0.000000,100,120,120,130,240,310,740,740,740,740,740,101,0,100,143.41276138675133,83.7224000133574,740.275299991481,5240.168316831683
1784863441,10,,Aggregated,1.400000,0.000000,100,120,120,130,240,310,740,740,740,740,740,101,0,100,143.41276138675133,83.7224000133574,740.275299991481,5240.168316831683
1784863442,10,,Aggregated,1.200000,0.000000,100,120,120,130,240,310,740,740,740,740,740,104,0,100,142.4251480779136,83.7224000133574,740.275299991481,5163.461538461538
1784863443,10,,Aggregated,1.100000,0.000000,100,120,120,130,240,310,740,740,740,740,740,108,0,100,140.70848981457488,83.07609998155385,740.275299991481,5128.194444444444
1784863444,10,,Aggregated,1.100000,0.000000,100,120,120,130,240,310,740,740,740,740,740,108,0,100,140.70848981457488,83.07609998155385,740.275299991481,5128.194444444444
1784863445,10,,Aggregated,1.200000,0.000000,100,120,120,130,240,310,740,740,740,740,740,109,0,100,140.36495321101313,83.07609998155385,740.275299991481,5084.972477064221
1784863446,10,,Aggregated,1.300000,0.000000,100,110,120,120,230,310,740,740,740,740,740,112,0,100,139.3620839283228,83.07609998155385,740.275299991481,5153.5625
1784863447,10,,Aggregated,1.200000,0.000000,100,110,120,120,230,310,740,740,740,740,740,113,0,100,138.96120530944648,83.07609998155385,740.275299991481,5122.495575221239
1784863448,10,,Aggregated,1.200000,0.000000,100,110,120,120,230,310,740,740,740,740,740,114,0,100,138.66265350850625,83.07609998155385,740.275299991481,5084.0526315789475
1784863449,10,,Aggregated,1.600000,0.000000,100,120,120,130,230,310,740,740,740,740,740,117,0,100,138.1049692301422,83.07609998155385,740.275299991481,5240.111111111111
1784863450,10,,Aggregated,1.600000,0.000000,100,110,120,130,230,310,740,740,740,740,740,119,0,100,137.3822823525876,83.07609998155385,740.275299991481,5419.8403361344535
1784863451,10,,Aggregated,1.300000,0.000000,100,120,120,130,230,310,740,740,740,740,740,120,0,100,137.19640333292773,83.07609998155385,740.275299991481,5429.558333333333
1784863452,10,,Aggregated,1.600000,0.000000,100,110,120,120,230,270,740,740,740,740,740,123,0,100,136.19114878034688,83.07609998155385,740.275299991481,5433.723577235773
1784863453,10,,Aggregated,1.800000,0.000000,100,110,120,120,230,270,740,740,740,740,740,125,0,100,135.43215599982068,78.09879997512326,740.275299991481,5365.848
1784863454,10,,Aggregated,1.800000,0.000000,100,110,120,120,230,270,740,740,740,740,740,125,0,100,135.43215599982068,78.09879997512326,740.275299991481,5365.848
1784863455,10,,Aggregated,1.800000,0.000000,100,110,120,120,230,270,740,740,740,740,740,125,0,100,135.43215599982068,78.09879997512326,740.275299991481,5365.848
1784863456,10,,Aggregated,1.700000,0.000000,100,110,120,120,230,270,740,740,740,740,740,127,0,100,134.91883307079397,78.09879997512326,740.275299991481,5419.748031496063
1784863457,10,,Aggregated,1.700000,0.000000,100,110,120,120,230,270,740,740,740,740,740,131,0,100,134.04700763386725,78.09879997512326,740.275299991481,5318.81679389313
1784863458,10,,Aggregated,1.700000,0.000000,100,110,120,120,230,270,740,740,740,740,740,131,0,100,134.04700763386725,78.09879997512326,740.275299991481,5318.81679389313
1784863459,10,,Aggregated,1.700000,0.000000,100,110,120,120,230,270,740,740,740,740,740,131,0,100,134.04700763386725,78.09879997512326,740.275299991481,5318.81679389313
1784863460,10,,Aggregated,1.700000,0.000000,100,110,120,120,230,270,740,740,740,740,740,132,0,100,133.75324848510155,78.09879997512326,740.275299991481,5281.681818181818
1784863461,10,,Aggregated,1.700000,0.000000,100,110,120,120,230,270,740,740,740,740,740,136,0,100,132.8046294121818,78.09879997512326,740.275299991481,5300.433823529412
1784863462,10,,Aggregated,1.700000,0.000000,100,110,120,120,230,270,740,740,740,740,740,136,0,100,132.8046294121818,78.09879997512326,740.275299991481,5300.433823529412
1784863463,10,,Aggregated,1.300000,0.000000,100,110,120,120,230,270,740,740,740,740,740,138,0,100,132.225090580439,78.09879997512326,740.275299991481,5234.340579710145
1784863464,10,,Aggregated,1.600000,0.000000,100,110,120,120,230,270,740,740,740,740,740,140,0,100,131.80823857214168,78.09879997512326,740.275299991481,5211.892857142857
1784863465,10,,Aggregated,1.200000,0.000000,100,110,120,120,230,260,740,740,740,740,740,141,0,100,131.93699149026847,78.09879997512326,740.275299991481,5221.63829787234
1784863466,10,,Aggregated,1.300000,0.000000,100,110,120,120,230,260,740,740,740,740,740,143,0,100,131.43399300809193,78.09879997512326,740.275299991481,5371.461538461538
1784863468,10,,Aggregated,1.500000,0.000000,100,110,120,120,230,260,740,740,740,740,740,144,0,100,131.22403263979425,78.09879997512326,740.275299991481,5337.055555555556
1784863469,10,,Aggregated,1.500000,0.000000,100,110,120,120,230,260,740,740,740,740,740,144,0,100,131.22403263979425,78.09879997512326,740.275299991481,5337.055555555556
1784863470,10,,Aggregated,1.500000,0.000000,100,110,120,120,230,260,740,740,740,740,740,144,0,100,131.22403263979425,78.09879997512326,740.275299991481,5337.055555555556
1784863471,10,,Aggregated,1.300000,0.000000,100,110,120,120,230,260,740,740,740,740,740,146,0,100,130.77143287766177,78.09879997512326,740.275299991481,5384.335616438356
1784863472,10,,Aggregated,1.300000,0.000000,100,110,120,120,230,260,740,740,740,740,740,148,0,100,130.44496013576833,78.09879997512326,740.275299991481,5323.195945945946
1784863473,10,,Aggregated,1.300000,0.000000,100,110,120,120,230,260,740,740,740,740,740,150,0,100,130.11191733414307,78.09879997512326,740.275299991481,5298.906666666667
1784863474,10,,Aggregated,1.400000,0.000000,100,110,120,120,210,260,390,740,740,740,740,151,0,100,129.83207549747166,78.09879997512326,740.275299991481,5266.576158940397
1784863475,10,,Aggregated,1.200000,0.000000,100,110,120,120,210,260,390,740,740,740,740,153,0,100,129.3443921577563,78.09879997512326,740.275299991481,5306.712418300654
1784863476,10,,Aggregated,1.200000,0.000000,100,110,120,120,210,260,390,740,740,740,740,153,0,100,129.3443921577563,78.09879997512326,740.275299991481,5306.712418300654
1784863477,10,,Aggregated,1.200000,0.000000,100,110,120,120,210,260,390,740,740,740,740,153,0,100,129.3443921577563,78.09879997512326,740.275299991481,5306.712418300654
1784863478,10,,Aggregated,1.300000,0.000000,100,110,120,120,210,260,390,740,740,740,740,156,0,100,128.9517916679287,78.09879997512326,740.275299991481,5359.551282051282
1784863479,10,,Aggregated,1.200000,0.000000,100,110,120,120,210,260,390,740,740,740,740,158,0,100,128.58010506437196,78.09879997512326,740.275299991481,5402.955696202532
1784863480,10,,Aggregated,1.200000,0.000000,100,110,120,120,210,260,390,740,740,740,740,158,0,100,128.58010506437196,78.09879997512326,740.275299991481,5402.955696202532
1784863481,10,,Aggregated,1.400000,0.000000,100,110,120,120,210,260,390,740,740,740,740,160,0,100,128.24163375080389,78.09879997512326,740.275299991481,5445.275
1784863482,10,,Aggregated,1.400000,0.000000,100,110,120,120,150,260,390,740,740,740,740,162,0,100,127.69292654429367,78.09879997512326,740.275299991481,5480.975308641975
1784863483,15,,Aggregated,1.400000,0.000000,100,110,120,120,230,270,390,740,740,740,740,164,0,100,129.80751036708924,78.09879997512326,740.275299991481,5521.914634146341
1784863484,20,,Aggregated,1.400000,0.000000,100,110,120,120,230,270,390,740,740,740,740,167,0,100,129.98667844462426,78.09879997512326,740.275299991481,5652.982035928144
1784863485,25,,Aggregated,1.400000,0.000000,100,110,120,120,230,270,390,740,740,740,740,170,0,100,131.02106176665984,78.09879997512326,740.275299991481,5601.629411764706
1784863486,25,,Aggregated,1.400000,0.000000,100,110,120,120,230,270,390,740,740,740,740,175,0,100,130.422029716761,78.09879997512326,740.275299991481,5639.685714285714
1784863487,25,,Aggregated,1.500000,0.000000,100,110,120,120,230,270,390,740,740,740,740,178,0,100,130.3836741593269,78.09879997512326,740.275299991481,5645.724719101124
1784863488,25,,Aggregated,2.200000,0.000000,100,110,120,120,230,260,390,740,740,740,740,182,0,100,130.7961978037473,78.09879997512326,740.275299991481,5631.313186813187
1784863489,25,,Aggregated,2.500000,0.000000,100,110,120,130,230,260,390,740,740,740,740,190,0,100,131.8755957910693,78.09879997512326,740.275299991481,5683.1
1784863490,25,,Aggregated,2.500000,0.000000,100,110,120,130,210,260,390,740,740,740,740,194,0,100,131.06116391904413,78.09879997512326,740.275299991481,5667.144329896907
1784863491,25,,Aggregated,3.100000,0.000000,100,110,120,130,210,260,390,740,740,740,740,195,0,100,130.99074359111583,78.09879997512326,740.275299991481,5638.476923076923
1784863492,25,,Aggregated,3.500000,0.000000,100,110,120,120,210,260,340,740,740,740,740,201,0,100,129.81435671808958,78.09879997512326,740.275299991481,5564.467661691542
1784863493,25,,Aggregated,3.500000,0.000000,100,110,120,120,210,260,340,740,740,740,740,205,0,100,129.03054097763876,78.09879997512326,740.275299991481,5467.180487804878
1784863494,25,,Aggregated,3.700000,0.000000,100,110,120,120,210,260,340,740,740,740,740,209,0,100,128.42094449969187,78.09879997512326,740.275299991481,5530.746411483254
1784863495,25,,Aggregated,3.700000,0.000000,100,110,120,120,210,260,340,740,740,740,740,214,0,99,127.61607990876519,78.09879997512326,740.275299991481,5490.934579439252
1784863496,25,,Aggregated,4.200000,0.000000,100,110,120,120,210,260,340,740,740,740,740,216,0,99,127.31889768717035,78.09879997512326,740.275299991481,5521.467592592592
1784863497,25,,Aggregated,4.400000,0.000000,99,110,120,120,200,260,340,740,740,740,740,221,0,99,126.55143801104994,78.09879997512326,740.275299991481,5424.533936651584
1784863498,25,,Aggregated,4.400000,0.000000,99,110,120,120,200,260,340,740,740,740,740,222,0,99,126.40698198391637,78.09879997512326,740.275299991481,5471.873873873874
1784863499,25,,Aggregated,4.200000,0.000000,99,110,120,120,200,260,340,740,740,740,740,226,0,99,126.10952124057289,78.09879997512326,740.275299991481,5441.026548672567
1784863500,25,,Aggregated,4.100000,0.000000,99,110,120,120,200,260,340,740,740,740,740,228,0,99,125.9759649138575,78.09879997512326,740.275299991481,5425.429824561404
1784863501,25,,Aggregated,3.600000,0.000000,99,110,120,120,200,260,340,740,740,740,740,231,0,99,125.58584588905393,78.09879997512326,740.275299991481,5367.090909090909
1784863502,25,,Aggregated,3.400000,0.000000,99,110,120,120,200,260,340,740,740,740,740,235,0,99,125.07842851213199,78.09879997512326,740.275299991481,5286.95744680851
1784863503,25,,Aggregated,3.600000,0.000000,99,110,120,120,200,260,340,740,740,740,740,236,0,99,124.92215550989032,78.09879997512326,740.275299991481,5271.936440677966
1784863504,25,,Aggregated,3.600000,0.000000,99,110,120,120,200,260,340,740,740,740,740,239,0,99,124.66299665407921,78.09879997512326,740.275299991481,5303.083682008368
1784863505,25,,Aggregated,3.000000,0.000000,99,110,120,120,200,250,340,740,740,740,740,244,0,99,124.01569344377198,78.09879997512326,740.275299991481,5393.741803278688
1784863506,25,,Aggregated,3.100000,0.000000,99,110,120,120,200,250,340,740,740,740,740,246,0,99,123.81032723682645,78.09879997512326,740.275299991481,5415.178861788618
1784863507,25,,Aggregated,3.100000,0.000000,99,110,120,120,200,250,340,740,740,740,740,248,0,99,123.69589475894182,78.09879997512326,740.275299991481,5438.741935483871
1784863508,25,,Aggregated,2.900000,0.000000,99,110,120,120,200,250,330,740,740,740,740,251,0,99,123.38196414437486,78.09879997512326,740.275299991481,5439.282868525896
1784863509,25,,Aggregated,2.800000,0.000000,99,110,120,120,200,250,330,740,740,740,740,256,0,99,122.95909179806586,78.09879997512326,740.275299991481,5367.7109375
1784863510,25,,Aggregated,2.800000,0.000000,99,110,120,120,200,250,330,740,740,740,740,259,0,99,122.64670231752638,78.09879997512326,740.275299991481,5370.277992277992
1784863511,25,,Aggregated,2.900000,0.000000,99,110,110,120,200,240,330,740,740,740,740,262,0,99,122.31393435233244,78.09879997512326,740.275299991481,5327.977099236641
1784863512,25,,Aggregated,2.900000,0.000000,99,110,110,120,200,240,330,740,740,740,740,267,0,99,121.85734981402392,78.09879997512326,740.275299991481,5242.071161048689
1784863513,25,,Aggregated,2.900000,0.000000,99,110,110,120,200,240,330,740,740,740,740,268,0,99,121.77231716541156,78.09879997512326,740.275299991481,5222.511194029851
1784863514,25,,Aggregated,3.100000,0.000000,99,110,110,120,200,240,330,740,740,740,740,271,0,99,121.52992103444721,78.09879997512326,740.275299991481,5172.671586715867
1784863515,25,,Aggregated,3.300000,0.000000,99,110,110,120,200,240,330,740,740,740,740,273,0,99,121.3469934078776,78.09879997512326,740.275299991481,5142.322344322344
1784863516,25,,Aggregated,3.300000,0.000000,99,110,110,120,200,240,330,740,740,740,740,275,0,99,121.22633272866634,78.09879997512326,740.275299991481,5107.894545454546
1784863517,25,,Aggregated,2.800000,0.000000,99,110,110,120,200,240,330,740,740,740,740,278,0,99,121.01959460582451,78.09879997512326,740.275299991481,5116.356115107914
1784863518,25,,Aggregated,3.100000,0.000000,99,110,110,120,190,230,330,740,740,740,740,283,0,99,120.61047597291349,78.09879997512326,740.275299991481,5169.120141342756
1784863519,25,,Aggregated,2.900000,0.000000,99,110,110,120,190,230,330,740,740,740,740,285,0,99,120.42059859775595,78.09879997512326,740.275299991481,5194.519298245614
1784863520,25,,Aggregated,3.100000,0.000000,99,100,110,120,190,230,330,740,740,740,740,289,0,99,120.02192180064768,78.09879997512326,740.275299991481,5141.121107266436
1784863521,25,,Aggregated,3.100000,0.000000,99,110,110,120,190,230,330,740,740,740,740,290,0,99,119.99511517371565,78.09879997512326,740.275299991481,5123.658620689655
1784863522,25,,Aggregated,3.100000,0.000000,99,110,110,120,190,230,330,740,740,740,740,294,0,98,119.7322928582296,78.09879997512326,740.275299991481,5119.666666666667
1784863523,25,,Aggregated,2.900000,0.000000,99,100,110,120,190,230,330,740,740,740,740,297,0,99,119.54859697071032,78.09879997512326,740.275299991481,5180.784511784512
1784863524,25,,Aggregated,2.600000,0.000000,99,100,110,120,150,230,310,390,740,740,740,303,0,99,119.19560363126624,78.09879997512326,740.275299991481,5092.402640264027
1784863525,25,,Aggregated,2.800000,0.000000,99,110,110,120,150,230,310,390,740,740,740,305,0,99,119.05929606663612,78.09879997512326,740.275299991481,5132.845901639344
1784863526,25,,Aggregated,3.100000,0.000000,99,110,110,120,150,230,310,390,740,740,740,308,0,99,118.8944603904988,78.09879997512326,740.275299991481,5090.11038961039
1784863527,25,,Aggregated,3.300000,0.000000,99,100,110,120,140,230,310,390,740,740,740,311,0,99,118.65206623870664,78.09879997512326,740.275299991481,5099.906752411575
1784863528,25,,Aggregated,3.000000,0.000000,99,100,110,120,140,230,310,390,740,740,740,314,0,99,118.43370700719956,78.09879997512326,740.275299991481,5108.487261146497
1784863529,25,,Aggregated,3.300000,0.000000,98,100,110,120,140,230,310,390,740,740,740,320,0,98,118.00532875076897,78.09879997512326,740.275299991481,5189.103125
1784863530,25,,Aggregated,3.200000,0.000000,98,100,110,120,140,230,310,390,740,740,740,324,0,98,117.74745432176357,78.09879997512326,740.275299991481,5177.052469135802
1784863531,25,,Aggregated,3.300000,0.000000,98,100,110,120,140,230,310,390,740,740,740,328,0,98,117.61458750094413,78.09879997512326,740.275299991481,5120.8140243902435
1784863532,25,,Aggregated,3.600000,0.000000,98,100,110,120,140,230,310,390,740,740,740,329,0,98,117.52936595839967,78.09879997512326,740.275299991481,5110.243161094225
1784863533,25,,Aggregated,3.600000,0.000000,98,100,110,120,140,230,310,390,740,740,740,330,0,98,117.4466272736688,78.09879997512326,740.275299991481,5096.021212121213
1784863534,25,,Aggregated,3.700000,0.000000,98,100,110,120,130,230,310,390,740,740,740,336,0,98,117.0844276793581,78.09879997512326,740.275299991481,5025.038690476191
1784863535,25,,Aggregated,3.300000,0.000000,98,100,110,120,130,230,310,390,740,740,740,340,0,98,116.82928823609151,78.09879997512326,740.275299991481,5066.658823529412
1784863536,25,,Aggregated,3.200000,0.000000,98,100,110,120,130,230,310,390,740,740,740,342,0,98,116.7036105270364,78.09879997512326,740.275299991481,5043.997076023392
1784863537,25,,Aggregated,3.500000,0.000000,98,100,110,120,130,230,310,390,740,740,740,348,0,98,116.36120517287891,78.09879997512326,740.275299991481,5030.080459770115
1784863538,25,,Aggregated,3.600000,0.000000,98,100,110,120,130,230,270,390,740,740,740,352,0,98,116.13910823920874,78.09879997512326,740.275299991481,5029.625
1784863539,25,,Aggregated,3.500000,0.000000,98,100,110,120,130,230,270,390,740,740,740,356,0,98,116.00515477586893,78.09879997512326,740.275299991481,5011.567415730337
1784863540,25,,Aggregated,3.500000,0.000000,98,100,110,120,130,230,270,390,740,740,740,360,0,98,115.76668083386419,78.09879997512326,740.275299991481,5049.458333333333
1784863541,25,,Aggregated,3.800000,0.000000,98,100,110,110,130,230,270,390,740,740,740,366,0,98,115.5039658475746,78.09879997512326,740.275299991481,5032.661202185793
1784863542,25,,Aggregated,3.600000,0.000000,98,100,110,110,130,230,270,390,740,740,740,369,0,98,115.32897723656966,78.09879997512326,740.275299991481,5043.831978319783
1784863543,25,,Aggregated,3.700000,0.000000,98,100,110,110,130,230,270,390,740,740,740,372,0,98,115.19122849545887,78.09879997512326,740.275299991481,5009.768817204301
1784863544,25,,Aggregated,4.000000,0.000000,98,100,110,110,130,230,270,390,740,740,740,375,0,98,115.02025466722746,78.09879997512326,740.275299991481,5059.053333333333
1784863545,25,,Aggregated,4.100000,0.000000,98,100,110,110,130,230,270,390,740,740,740,376,0,98,115.01284255373707,78.09879997512326,740.275299991481,5063.114361702128
1784863546,25,,Aggregated,4.000000,0.000000,98,100,110,110,130,210,270,390,740,740,740,385,0,98,114.58623350670489,78.09879997512326,740.275299991481,5013.971428571429
1784863547,25,,Aggregated,3.600000,0.000000,98,100,110,110,130,210,270,390,740,740,740,388,0,97,114.39318659795765,78.09879997512326,740.275299991481,5098.404639175258
1784863548,25,,Aggregated,3.900000,0.000000,98,100,110,110,130,210,270,390,740,740,740,390,0,97,114.33385948707254,78.09879997512326,740.275299991481,5117.328205128205
1784863549,25,,Aggregated,4.100000,0.000000,97,100,110,110,130,210,270,390,740,740,740,395,0,97,114.08238050622182,78.09879997512326,740.275299991481,5062.569620253164
1784863550,25,,Aggregated,4.100000,0.000000,97,100,110,110,120,210,270,340,740,740,740,401,0,97,113.8043758104337,78.09879997512326,740.275299991481,4993.244389027432
1784863551,25,,Aggregated,4.100000,0.000000,97,100,110,110,120,210,270,340,740,740,740,401,0,97,113.8043758104337,78.09879997512326,740.275299991481,4993.244389027432
1784863552,25,,Aggregated,3.700000,0.000000,97,100,110,110,120,210,270,340,740,740,740,403,0,97,113.75219999984711,78.09879997512326,740.275299991481,4969.749379652605
1784863553,25,,Aggregated,3.800000,0.000000,98,100,110,110,120,210,270,340,740,740,740,409,0,98,113.54861149141989,78.09879997512326,740.275299991481,4977.356968215159
1784863554,25,,Aggregated,3.400000,0.000000,98,100,110,110,120,210,270,340,740,740,740,413,0,98,113.3700818402386,77.45340000838041,740.275299991481,4979.665859564165
1784863555,25,,Aggregated,3.600000,0.000000,98,100,110,110,120,210,270,340,740,740,740,418,0,98,113.2242691389265,77.45340000838041,740.275299991481,4964.466507177033
1784863556,25,,Aggregated,3.700000,0.000000,98,100,110,110,120,210,270,340,740,740,740,423,0,98,113.06804799074065,77.45340000838041,740.275299991481,4950.073286052009
1784863557,25,,Aggregated,4.100000,0.000000,98,100,110,110,120,210,270,340,740,740,740,426,0,98,113.01168333356456,77.45340000838041,740.275299991481,4919.776995305165
1784863558,25,,Aggregated,3.800000,0.000000,98,100,110,110,120,210,270,340,740,740,740,427,0,98,113.02889812660275,77.45340000838041,740.275299991481,4908.491803278688
1784863559,25,,Aggregated,3.800000,0.000000,98,100,110,110,130,210,270,340,740,740,740,431,0,98,113.60259883979815,77.45340000838041,740.275299991481,4974.814385150812
1784863560,25,,Aggregated,3.700000,0.000000,98,100,110,110,130,230,270,340,740,740,740,434,0,98,114.54085115190973,77.45340000838041,740.275299991481,4992.608294930876
1784863561,25,,Aggregated,3.800000,0.000000,98,100,110,110,130,240,270,340,740,740,740,437,0,98,115.53311418743007,77.45340000838041,740.275299991481,4966.807780320366
1784863562,25,,Aggregated,3.600000,0.000000,98,100,110,120,140,230,270,340,740,740,740,441,0,98,116.31469365052008,77.45340000838041,740.275299991481,5031.829931972789
1784863563,25,,Aggregated,3.400000,0.000000,98,100,110,120,140,230,270,340,740,740,740,444,0,98,116.46705788262881,77.45340000838041,740.275299991481,5013.011261261261
1784863564,25,,Aggregated,3.500000,0.000000,98,100,110,120,140,230,270,340,740,740,740,448,0,98,116.3208098213155,77.45340000838041,740.275299991481,5057.754464285715
1784863565,25,,Aggregated,3.500000,0.000000,98,100,110,120,140,230,270,340,740,740,740,453,0,98,116.0481726267852,77.45340000838041,740.275299991481,5046.198675496688
1784863566,25,,Aggregated,3.500000,0.000000,98,100,110,120,140,230,270,340,740,740,740,457,0,98,115.93462210056867,77.45340000838041,740.275299991481,5014.652078774617
1784863567,25,,Aggregated,3.200000,0.000000,98,100,110,120,140,230,270,340,740,740,740,460,0,98,115.83376347818715,77.45340000838041,740.275299991481,4988.034782608695
1784863568,25,,Aggregated,3.600000,0.000000,98,100,110,120,140,230,270,340,740,740,740,468,0,98,115.63703568384119,77.45340000838041,740.275299991481,4927.538461538462
1784863569,25,,Aggregated,3.300000,0.000000,98,100,110,120,130,230,270,340,740,740,740,472,0,98,115.45867500017728,77.45340000838041,740.275299991481,4960.2584745762715
1784863570,25,,Aggregated,3.300000,0.000000,98,100,110,120,130,230,270,340,740,740,740,472,0,98,115.45867500017728,77.45340000838041,740.275299991481,4960.2584745762715
1784863571,25,,Aggregated,4.000000,0.000000,98,100,110,110,130,230,270,340,740,740,740,477,0,98,115.27631215949346,77.45340000838041,740.275299991481,4932.062893081761
1784863572,25,,Aggregated,4.000000,0.000000,98,100,110,110,130,230,270,340,740,740,740,479,0,98,115.15466179560174,77.45340000838041,740.275299991481,4918.536534446764
1784863573,25,,Aggregated,3.700000,0.000000,98,100,110,110,130,230,270,340,740,740,740,482,0,98,115.08915601689485,77.45340000838041,740.275299991481,4922.05601659751
1784863574,25,,Aggregated,4.100000,0.000000,98,100,110,110,130,230,270,340,740,740,740,488,0,98,114.94438217229546,77.45340000838041,740.275299991481,4889.38524590164
1784863575,25,,Aggregated,3.800000,0.000000,98,100,110,110,130,230,270,340,740,740,740,489,0,98,114.88539202470649,77.45340000838041,740.275299991481,4880.239263803681
1784863576,25,,Aggregated,3.800000,0.000000,98,100,110,110,130,230,270,340,740,740,740,493,0,98,114.78523488872463,77.45340000838041,740.275299991481,4921.975659229209
1784863577,25,,Aggregated,4.000000,0.000000,98,100,110,110,130,230,270,340,740,740,740,498,0,98,114.67378152638157,77.45340000838041,740.275299991481,4963.8373493975905
1784863578,25,,Aggregated,3.500000,0.000000,98,100,110,110,130,230,260,330,740,740,740,502,0,98,114.53663306814002,77.45340000838041,740.275299991481,4975.691235059761
1784863580,25,,Aggregated,3.600000,0.000000,98,100,110,110,130,230,260,330,740,740,740,508,0,98,114.35788740196786,77.45340000838041,740.275299991481,5018.311023622047
1784863581,25,,Aggregated,3.800000,0.000000,98,100,110,110,130,230,260,330,740,740,740,511,0,98,114.29790293578233,77.45340000838041,740.275299991481,5064.1017612524465
1784863582,25,,Aggregated,3.300000,0.000000,98,100,110,110,130,230,260,330,740,740,740,514,0,98,114.17358560346752,77.45340000838041,740.275299991481,5038.799610894942
1784863583,25,,Aggregated,3.600000,0.000000,98,100,110,110,130,230,260,330,740,740,740,518,0,98,113.9755905409205,77.45340000838041,740.275299991481,5034.312741312741
1784863584,25,,Aggregated,3.600000,0.000000,98,100,110,110,130,230,260,330,740,740,740,520,0,98,113.98317250031351,77.45340000838041,740.275299991481,5018.3
1784863585,25,,Aggregated,3.600000,0.000000,98,100,110,110,130,230,260,330,740,740,740,524,0,98,113.90864618370516,77.45340000838041,740.275299991481,4995.564885496183
1784863586,25,,Aggregated,3.900000,0.000000,98,100,110,110,130,230,260,330,740,740,740,525,0,98,113.87982533390944,77.45340000838041,740.275299991481,4989.179047619047
1784863587,25,,Aggregated,3.600000,0.000000,98,100,110,110,130,230,260,330,740,740,740,532,0,98,113.59925112825786,77.45340000838041,740.275299991481,5020.345864661655
1784863588,25,,Aggregated,3.600000,0.000000,98,100,110,110,130,230,260,330,740,740,740,535,0,98,113.47661570147568,77.45340000838041,740.275299991481,5021.977570093458
1784863589,25,,Aggregated,3.600000,0.000000,98,100,110,110,130,230,260,330,740,740,740,540,0,98,113.35212074121011,77.45340000838041,740.275299991481,5088.392592592592
1784863590,25,,Aggregated,3.800000,0.000000,98,100,110,110,130,210,260,330,740,740,740,543,0,98,113.27641602248832,77.45340000838041,740.275299991481,5093.418047882136
1784863591,25,,Aggregated,3.700000,0.000000,98,100,110,110,130,210,260,330,740,740,740,547,0,98,113.15758153594012,77.45340000838041,740.275299991481,5127.234003656307
1784863592,25,,Aggregated,3.800000,0.000000,98,100,110,110,130,210,260,330,740,740,740,550,0,98,113.05165454575962,77.45340000838041,740.275299991481,5134.392727272727
1784863593,25,,Aggregated,3.600000,0.000000,98,100,110,110,130,210,260,330,740,740,740,553,0,98,112.96655063325402,77.45340000838041,740.275299991481,5113.819168173599
1784863594,25,,Aggregated,3.600000,0.000000,98,100,110,110,130,210,260,330,740,740,740,553,0,98,112.96655063325402,77.45340000838041,740.275299991481,5113.819168173599
1784863595,25,,Aggregated,3.400000,0.000000,98,100,110,110,130,230,260,340,740,740,740,560,0,98,113.85462410741768,77.45340000838041,740.275299991481,5084.989285714286
1784863596,25,,Aggregated,3.400000,0.000000,98,100,110,110,130,230,260,340,740,740,740,564,0,98,113.68996489383132,77.45340000838041,740.275299991481,5082.141843971631
1784863597,25,,Aggregated,3.500000,0.000000,98,100,110,110,130,230,260,340,740,740,740,569,0,98,113.56658471008822,77.45340000838041,740.275299991481,5058.072056239016
1784863598,25,,Aggregated,3.500000,0.000000,98,100,110,110,130,230,260,340,740,740,740,571,0,98,113.54409842389015,77.45340000838041,740.275299991481,5043.409807355517
1784863599,25,,Aggregated,3.900000,0.000000,98,100,110,110,130,230,260,340,740,740,740,574,0,98,113.48839146340629,77.45340000838041,740.275299991481,5084.043554006968
1784863600,25,,Aggregated,3.600000,0.000000,98,100,110,110,130,230,260,340,740,740,740,579,0,98,113.33332210698765,77.45340000838041,740.275299991481,5074.775474956822
1784863601,25,,Aggregated,3.600000,0.000000,98,100,110,110,130,210,260,340,740,740,740,581,0,98,113.24982685012912,77.45340000838041,740.275299991481,5059.853700516351
1784863602,25,,Aggregated,3.400000,0.000000,98,100,110,110,130,210,260,340,740,740,740,584,0,98,113.30861832180271,77.45340000838041,740.275299991481,5075.236301369863
1784863603,25,,Aggregated,3.500000,0.000000,98,100,110,110,130,210,260,340,740,740,740,587,0,98,113.37511141392207,77.45340000838041,740.275299991481,5078.964224872232
1784863604,25,,Aggregated,3.400000,0.000000,98,100,110,110,130,230,260,340,740,740,740,589,0,98,113.75451477073332,77.45340000838041,740.275299991481,5099.95246179966
1784863605,25,,Aggregated,3.500000,0.000000,98,100,110,110,130,230,270,340,740,740,740,591,0,98,114.28898747879602,77.45340000838041,740.275299991481,5094.543147208122
1784863606,25,,Aggregated,3.500000,0.000000,98,100,110,110,130,230,270,340,740,740,740,593,0,98,114.65731298477934,77.45340000838041,740.275299991481,5107.001686340641
1784863607,25,,Aggregated,3.600000,0.000000,98,100,110,110,140,230,270,340,740,740,740,598,0,98,115.43145284271195,77.45340000838041,740.275299991481,5119.155518394648
1784863608,25,,Aggregated,2.900000,0.000000,98,100,110,110,140,230,270,340,740,740,740,600,0,98,115.36658416647697,77.45340000838041,740.275299991481,5129.343333333333
1784863609,25,,Aggregated,3.000000,0.000000,98,100,110,120,140,230,260,330,740,740,740,604,0,98,115.34289122498996,77.45340000838041,740.275299991481,5143.730132450331
1784863610,25,,Aggregated,3.000000,0.000000,98,100,110,110,140,230,260,330,740,740,740,606,0,98,115.26603382826158,77.45340000838041,740.275299991481,5155.922442244225
1784863611,25,,Aggregated,2.800000,0.000000,98,100,110,120,140,230,260,330,740,740,740,611,0,98,115.23041276584354,77.45340000838041,740.275299991481,5151.435351882161
1784863612,25,,Aggregated,2.800000,0.000000,98,100,110,120,140,230,260,330,740,740,740,613,0,98,115.1589802608766,77.45340000838041,740.275299991481,5163.301794453508
1784863613,25,,Aggregated,2.800000,0.000000,98,100,110,120,140,230,260,330,740,740,740,614,0,98,115.11799413663432,77.45340000838041,740.275299991481,5180.843648208469
1784863614,25,,Aggregated,2.700000,0.000000,98,100,110,110,140,230,260,330,740,740,740,616,0,98,115.04522353874114,77.45340000838041,740.275299991481,5191.090909090909
1784863615,25,,Aggregated,2.700000,0.000000,98,100,110,110,140,230,260,330,740,740,740,617,0,98,115.00724149087513,77.45340000838041,740.275299991481,5185.340356564019
1784863616,25,,Aggregated,2.600000,0.000000,98,100,110,110,130,230,260,330,740,740,740,624,0,98,114.76604935841094,77.45340000838041,740.275299991481,5158.641025641025
1784863617,25,,Aggregated,2.600000,0.000000,98,100,110,110,130,230,260,330,740,740,740,628,0,98,114.74239920326404,77.45340000838041,740.275299991481,5164.259554140127
1784863618,25,,Aggregated,2.800000,0.000000,98,100,110,110,130,230,260,330,740,740,740,631,0,98,114.70680839877292,77.45340000838041,740.275299991481,5167.72266244057
1784863619,25,,Aggregated,3.000000,0.000000,98,100,110,110,130,230,260,330,740,740,740,634,0,98,114.58874605607083,77.45340000838041,740.275299991481,5149.776025236593
1784863620,25,,Aggregated,3.100000,0.000000,98,100,110,110,130,230,260,330,740,740,740,637,0,98,114.49732527402163,77.45340000838041,740.275299991481,5176.712715855573
1784863621,25,,Aggregated,3.100000,0.000000,98,100,110,110,130,230,260,330,740,740,740,643,0,98,114.37110435375132,77.45340000838041,740.275299991481,5180.524105754277
1784863622,25,,Aggregated,3.000000,0.000000,98,100,110,110,130,230,260,330,740,740,740,655,0,98,114.4317387777402,77.45340000838041,740.275299991481,5146.703816793894
1784863623,25,,Aggregated,2.800000,0.000000,98,100,110,110,130,230,260,330,740,740,740,659,0,98,114.45167511281146,77.45340000838041,740.275299991481,5166.468892261001
1784863624,25,,Aggregated,4.200000,0.000000,98,100,110,110,130,230,260,330,740,740,740,661,0,98,114.58657201107961,77.45340000838041,740.275299991481,5199.048411497731
1784863625,25,,Aggregated,4.400000,0.000000,98,100,110,110,130,230,260,330,740,740,740,664,0,98,114.51039261947994,77.45340000838041,740.275299991481,5224.667168674699
1784863626,25,,Aggregated,4.400000,0.000000,98,100,110,110,130,230,260,330,740,740,740,667,0,98,114.43584917433982,77.45340000838041,740.275299991481,5208.55772113943
1784863627,25,,Aggregated,4.500000,0.000000,98,100,110,110,130,230,260,330,740,740,740,673,0,98,114.26413729453022,77.45340000838041,740.275299991481,5217.897473997028
1784863628,25,,Aggregated,4.500000,0.000000,98,100,110,110,130,230,260,330,740,740,740,673,0,98,114.26413729453022,77.45340000838041,740.275299991481,5217.897473997028
1784863629,25,,Aggregated,4.200000,0.000000,98,100,110,110,130,230,260,330,740,740,740,678,0,98,114.14970619350557,77.45340000838041,740.275299991481,5205.342182890856
1784863630,25,,Aggregated,4.300000,0.000000,98,100,110,110,130,230,260,330,740,740,740,682,0,98,114.07379120104548,77.45340000838041,740.275299991481,5182.33284457478
1784863631,25,,Aggregated,4.400000,0.000000,98,100,110,110,130,230,260,330,740,740,740,684,0,98,114.0164378642415,77.45340000838041,740.275299991481,5192.877192982456
1784863632,25,,Aggregated,4.500000,0.000000,98,100,110,110,130,230,260,330,740,740,740,688,0,98,113.9213460743587,77.45340000838041,740.275299991481,5166.892441860465
1784863633,25,,Aggregated,4.500000,0.000000,98,100,110,110,130,230,260,330,740,740,740,691,0,98,113.96432763983815,77.45340000838041,740.275299991481,5190.72503617945
1784863634,25,,Aggregated,3.200000,0.000000,98,100,110,110,130,230,260,330,740,740,740,696,0,98,113.87487744140417,77.45340000838041,740.275299991481,5199.222701149425
1784863635,25,,Aggregated,3.200000,0.000000,98,100,110,110,130,230,260,330,740,740,740,697,0,98,113.86098163442918,77.45340000838041,740.275299991481,5194.1205164992825
1784863636,25,,Aggregated,3.600000,0.000000,98,100,110,110,130,230,260,310,740,740,740,704,0,98,113.71077570906478,77.45340000838041,740.275299991481,5222.799715909091
1784863637,25,,Aggregated,3.500000,0.000000,98,100,110,110,130,230,260,310,740,740,740,705,0,98,113.68420439597273,77.45340000838041,740.275299991481,5215.982978723404
1784863638,25,,Aggregated,3.500000,0.000000,98,100,110,110,130,230,260,310,740,740,740,711,0,98,113.54234205223568,77.45340000838041,740.275299991481,5222.104078762307
1784863639,25,,Aggregated,3.500000,0.000000,98,100,110,110,130,230,260,310,740,740,740,713,0,98,113.4952302932508,77.45340000838041,740.275299991481,5230.388499298738
1784863640,25,,Aggregated,3.400000,0.000000,98,100,110,110,130,230,260,310,740,740,740,715,0,98,113.45085929940826,77.45340000838041,740.275299991481,5217.8279720279725
1784863641,25,,Aggregated,3.600000,0.000000,98,100,110,110,130,230,260,310,740,740,740,718,0,98,113.379947770313,77.45340000838041,740.275299991481,5221.087743732591
1784863642,25,,Aggregated,3.400000,0.000000,98,100,110,110,130,230,260,310,740,740,740,721,0,98,113.30538418735914,77.45340000838041,740.275299991481,5265.662968099861
1784863643,25,,Aggregated,3.300000,0.000000,98,100,110,110,130,230,260,310,740,740,740,724,0,98,113.2607426783308,77.45340000838041,740.275299991481,5277.218232044199
1784863644,25,,Aggregated,3.500000,0.000000,98,100,110,110,130,230,260,310,740,740,740,731,0,98,113.11634021762455,77.45340000838041,740.275299991481,5295.570451436389
1784863645,25,,Aggregated,3.100000,0.000000,98,100,110,110,130,230,260,310,740,740,740,734,0,98,113.01144591143434,77.45340000838041,740.275299991481,5300.24659400545
1784863646,25,,Aggregated,3.400000,0.000000,98,100,110,110,130,230,260,310,740,740,740,738,0,98,112.96089051346873,77.45340000838041,740.275299991481,5325.8509485094855
1784863647,25,,Aggregated,3.600000,0.000000,98,100,110,110,130,220,260,310,740,740,740,743,0,98,112.91394320183119,77.45340000838041,740.275299991481,5335.248990578735
1784863648,25,,Aggregated,3.500000,0.000000,98,100,110,110,130,220,260,310,740,740,740,745,0,98,112.86074107250312,77.45340000838041,740.275299991481,5343.307382550335
1784863649,25,,Aggregated,3.500000,0.000000,98,100,110,110,130,220,260,310,740,740,740,745,0,98,112.86074107250312,77.45340000838041,740.275299991481,5343.307382550335
1784863650,25,,Aggregated,3.500000,0.000000,98,100,110,110,130,220,260,310,740,740,740,751,0,98,112.78690186292913,77.45340000838041,740.275299991481,5353.066577896138
1784863651,25,,Aggregated,3.200000,0.000000,98,100,110,110,130,220,260,310,740,740,740,752,0,98,112.77850624870514,77.45340000838041,740.275299991481,5367.136968085107
1784863652,25,,Aggregated,3.200000,0.000000,98,100,110,110,130,220,260,310,740,740,740,755,0,98,112.76040900543344,77.45340000838041,740.275299991481,5348.288741721854
1784863653,25,,Aggregated,3.500000,0.000000,98,100,110,110,130,220,260,310,740,740,740,758,0,98,112.74443931280486,77.45340000838041,740.275299991481,5329.972295514512
1784863654,25,,Aggregated,3.300000,0.000000,98,100,110,110,130,220,260,310,740,740,740,761,0,98,112.70748593842332,77.45340000838041,740.275299991481,5350.938239159002
1784863655,25,,Aggregated,3.300000,0.000000,98,100,110,110,130,220,260,310,740,740,740,765,0,98,112.62011790740931,77.45340000838041,740.275299991481,5365.707189542483
1784863656,25,,Aggregated,3.300000,0.000000,98,100,110,110,130,220,260,310,740,740,740,766,0,98,112.62493589972011,77.45340000838041,740.275299991481,5379.503916449086
1784863657,25,,Aggregated,3.000000,0.000000,98,100,110,110,130,220,260,310,740,740,740,769,0,98,112.58186995993721,77.45340000838041,740.275299991481,5381.91677503251
1784863658,25,,Aggregated,3.000000,0.000000,98,100,110,110,130,220,260,310,740,740,740,771,0,98,112.56569079007173,77.45340000838041,740.275299991481,5378.629053177691
1784863659,25,,Aggregated,2.500000,0.000000,98,100,110,110,130,220,260,310,740,740,740,775,0,98,112.48396399881571,77.45340000838041,740.275299991481,5402.734193548387
1784863660,25,,Aggregated,2.700000,0.000000,98,100,110,110,130,220,260,310,740,740,740,780,0,98,112.3973424346425,77.45340000838041,740.275299991481,5431.621794871795
1784863661,25,,Aggregated,2.700000,0.000000,98,100,110,110,130,220,260,310,740,740,740,783,0,98,112.33462388132132,77.45340000838041,740.275299991481,5415.952745849298
1784863662,35,,Aggregated,3.200000,0.000000,98,100,110,110,130,220,260,310,740,740,740,785,0,98,112.2853094255878,77.45340000838041,740.275299991481,5406.340127388535
1784863663,45,,Aggregated,3.100000,0.000000,98,100,110,110,130,230,270,350,740,740,740,796,0,98,113.61879560187923,77.45340000838041,740.275299991481,5401.802763819095
1784863664,50,,Aggregated,3.100000,0.000000,98,100,110,120,130,230,270,340,740,740,740,803,0,98,114.30013088306765,77.45340000838041,740.275299991481,5404.899128268991
1784863665,50,,Aggregated,3.400000,0.000000,98,100,110,120,130,230,270,340,740,740,740,809,0,98,114.17696328689223,77.45340000838041,740.275299991481,5415.80716934487
1784863666,50,,Aggregated,4.000000,0.000000,98,100,110,120,130,230,270,340,740,740,740,816,0,98,114.33093455778754,77.45340000838041,740.275299991481,5394.567401960784
1784863667,50,,Aggregated,4.200000,0.000000,98,100,110,120,130,230,270,340,740,740,740,820,0,98,114.24996573066271,77.45340000838041,740.275299991481,5391.967073170732
1784863668,50,,Aggregated,4.700000,0.000000,98,100,110,120,140,230,270,340,740,740,740,832,0,98,114.51310624915305,77.45340000838041,740.275299991481,5383.4807692307695
1784863669,50,,Aggregated,5.000000,0.000000,98,100,110,120,140,230,270,340,740,740,740,839,0,98,114.59855971303163,77.45340000838041,740.275299991481,5417.868891537545
1784863670,50,,Aggregated,5.300000,0.000000,98,100,110,120,140,230,270,340,740,740,740,846,0,98,114.58467718584784,77.45340000838041,740.275299991481,5402.89598108747
1784863671,50,,Aggregated,6.200000,0.000000,98,100,110,120,140,230,260,340,740,740,740,857,0,98,114.4252554248625,77.45340000838041,740.275299991481,5413.714119019836
1784863672,50,,Aggregated,6.200000,0.000000,98,100,110,120,140,230,260,340,740,740,740,865,0,98,114.42142057695528,77.45340000838041,740.275299991481,5423.2011560693645
1784863673,50,,Aggregated,7.000000,0.000000,98,100,110,120,140,230,260,340,740,740,740,876,0,98,114.3969819623473,77.45340000838041,740.275299991481,5435.37100456621
1784863674,50,,Aggregated,7.600000,0.000000,98,100,110,120,140,230,260,340,740,740,740,882,0,98,114.50698389915925,77.45340000838041,740.275299991481,5456.318594104308
1784863675,50,,Aggregated,8.100000,0.000000,98,100,110,120,150,230,270,350,740,740,740,886,0,98,115.09374345256737,77.45340000838041,740.275299991481,5450.504514672686
1784863676,50,,Aggregated,7.800000,0.000000,98,100,110,120,170,230,270,350,740,740,740,893,0,98,115.64669731128616,77.45340000838041,740.275299991481,5431.281075027996
1784863677,50,,Aggregated,8.000000,0.000000,98,100,110,120,170,230,270,350,740,740,740,901,0,98,116.02955138619336,77.45340000838041,740.275299991481,5425.266370699223
1784863678,50,,Aggregated,7.400000,0.000000,98,100,110,120,170,230,270,350,740,740,740,902,0,98,115.99843736027859,77.45340000838041,740.275299991481,5420.072062084258
1784863679,50,,Aggregated,7.900000,0.000000,98,100,110,120,170,230,270,350,740,740,740,912,0,98,115.79531787171155,77.45340000838041,740.275299991481,5419.514254385965
